UID (sessionID+seqno),Dropbox PDF,Youtube,Bilibili,Paper Ttitle,share
1-01,https://www.dropbox.com/sh/l3624uu2imsdcs4/AADv4XCg5e145BrT05hWo-fLa/Main-Conference?dl=0&preview=paper+224.pdf,https://www.youtube.com/watch?v=SaLx9KSxCRg,https://www.bilibili.com/video/BV1KK4y1E7RL/,1D and 2D Flow Routing on a Terrain,yes
1-02,https://www.dropbox.com/sh/l3624uu2imsdcs4/AADv4XCg5e145BrT05hWo-fLa/Main-Conference?dl=0&preview=paper+148.pdf,https://youtu.be/O4jeV5AoWQI,https://www.bilibili.com/video/BV1bZ4y1V7h3/,A Time-Windowed Data Structure for Spatial Density Maps,yes
1-03,https://www.dropbox.com/sh/l3624uu2imsdcs4/AADv4XCg5e145BrT05hWo-fLa/Main-Conference?dl=0&preview=paper+206.pdf,https://www.youtube.com/watch?v=Ml1KfdGBsBM,https://www.bilibili.com/video/BV1Q54y167a9/,Incorporating domain knowledge into Memetic Algorithms for solving Spatial Optimization problems,yes
1-04,https://www.dropbox.com/sh/l3624uu2imsdcs4/AADv4XCg5e145BrT05hWo-fLa/Main-Conference?dl=0&preview=paper+136.pdf,https://www.youtube.com/watch?v=ztsrPs1XvN8,https://www.bilibili.com/video/BV1o541157Gi/,Topology-Preserving Terrain Simplification,yes
1-05,https://www.dropbox.com/sh/l3624uu2imsdcs4/AADv4XCg5e145BrT05hWo-fLa/Main-Conference?dl=0&preview=paper+145.pdf,https://www.youtube.com/watch?v=-aPxY7UnLyo,https://www.bilibili.com/video/BV1zz4y1o7CJ/,Estimation of Road Transverse Slope Using Crowd-Sourced Data from Smartphones,yes
2-01,https://www.dropbox.com/sh/l3624uu2imsdcs4/AADv4XCg5e145BrT05hWo-fLa/Main-Conference?dl=0&preview=paper+2.pdf,https://www.youtube.com/watch?v=8t7IXHJlE8w,https://www.bilibili.com/video/BV1t54y1C7S5/,Node–attributed Spatial Graph Partitioning,yes
2-02,https://www.dropbox.com/sh/l3624uu2imsdcs4/AADv4XCg5e145BrT05hWo-fLa/Main-Conference?dl=0&preview=paper+233.pdf,https://youtu.be/NtsRxue7wcU,https://www.bilibili.com/video/BV1wK4y1E7on/,Semantically Augmented Range Queries over Heterogeneous Geospatial Data,yes
2-03,https://www.dropbox.com/sh/l3624uu2imsdcs4/AADv4XCg5e145BrT05hWo-fLa/Main-Conference?dl=0&preview=paper+66.pdf,https://www.youtube.com/watch?v=vHY1-8kb0gQ,https://www.bilibili.com/video/BV1bf4y1i7rB/,TrioStat: Online Workload Estimation in Distributed Spatial Data Streaming Systems,yes
2-04,https://www.dropbox.com/sh/l3624uu2imsdcs4/AADv4XCg5e145BrT05hWo-fLa/Main-Conference?dl=0&preview=paper+196.pdf,https://youtu.be/ZKrYFmqaTjA,https://www.bilibili.com/video/BV1dr4y1c7JN/,Distributed Spatiotemporal Trajectory Query Processing In SQL,yes
2-05,https://www.dropbox.com/sh/l3624uu2imsdcs4/AADv4XCg5e145BrT05hWo-fLa/Main-Conference?dl=0&preview=paper+157.pdf,https://youtu.be/6aUFMB2dZnc,https://www.bilibili.com/video/BV1dA411L7tQ/,"(k, l)-Medians Clustering of Trajectories Using Continuous Dynamic Time Warping",yes
3-01,https://www.dropbox.com/sh/l3624uu2imsdcs4/AADv4XCg5e145BrT05hWo-fLa/Main-Conference?dl=0&preview=paper+129.pdf,https://youtu.be/7BOzAfWc1yo,https://www.bilibili.com/video/BV1pV411y7pr/,Highly Efficient and Scalable Multi-hop Ride-sharing,yes
3-02,https://www.dropbox.com/sh/l3624uu2imsdcs4/AADv4XCg5e145BrT05hWo-fLa/Main-Conference?dl=0&preview=paper+35.pdf,https://www.youtube.com/watch?v=AtA87MJWzU4,https://www.bilibili.com/video/BV1sZ4y1L7qo/,Spatio-Temporal Hierarchical Adaptive Dispatching for Ridesharing Systems,yes
3-03,https://www.dropbox.com/sh/l3624uu2imsdcs4/AADv4XCg5e145BrT05hWo-fLa/Main-Conference?dl=0&preview=paper+51.pdf,https://youtu.be/3N8LLOq73W8,https://www.bilibili.com/video/BV17y4y1B72G/,Online In-Route Task Selection in Spatial Crowdsourcing,yes
3-04,https://www.dropbox.com/sh/l3624uu2imsdcs4/AADv4XCg5e145BrT05hWo-fLa/Main-Conference?dl=0&preview=paper+32.pdf,https://youtu.be/-rroKaZAplc,https://www.bilibili.com/video/BV1tK411A7Yd/,Tracking Group Movement in Location Based Social Networks,yes
3-05,https://www.dropbox.com/sh/l3624uu2imsdcs4/AADv4XCg5e145BrT05hWo-fLa/Main-Conference?dl=0&preview=paper+41.pdf,https://youtu.be/4-P8Rj_9-yQ,https://www.bilibili.com/video/BV1ci4y177du/,"Spatial Privacy Pricing: The Interplay between Privacy, Utility and Price in Geo-Marketplaces",yes
4-01,https://www.dropbox.com/sh/l3624uu2imsdcs4/AADv4XCg5e145BrT05hWo-fLa/Main-Conference?dl=0&preview=paper+195.pdf,https://www.youtube.com/watch?v=v0dKDokJ_Ig,https://www.bilibili.com/video/BV18y4y1B7dc/,COVID-GAN: Estimating Human Mobility Responses to COVID-19 Pandemic through Spatio-Temporal Conditional Generative Adversarial Networks,yes
4-02,https://www.dropbox.com/sh/l3624uu2imsdcs4/AADv4XCg5e145BrT05hWo-fLa/Main-Conference?dl=0&preview=paper+70.pdf,https://youtu.be/94IMLUsBtWw,https://www.bilibili.com/video/BV1mA411L7Vo/,DualSIN: Dual Sequential Interaction Network for Human Intentional Mobility Prediction,yes
4-03,https://www.dropbox.com/sh/l3624uu2imsdcs4/AADv4XCg5e145BrT05hWo-fLa/Main-Conference?dl=0&preview=paper+154.pdf,https://www.youtube.com/watch?v=q1z34h3brSM,https://www.bilibili.com/video/BV1ZZ4y1G7w2/,Intercity Simulation of Human Mobility at rare events via Reinforcement Learning,no
4-04,https://www.dropbox.com/sh/l3624uu2imsdcs4/AADv4XCg5e145BrT05hWo-fLa/Main-Conference?dl=0&preview=paper+170.pdf,https://www.youtube.com/watch?v=kNvt9FUw3rw,https://www.bilibili.com/video/BV1hf4y1i7G1/,Station-to-User Transfer Learning: Towards Explainable User Clustering Through Latent Trip Signatures Using Tidal-Regularized Non-Negative Matrix Factorization,yes
4-05,https://www.dropbox.com/sh/l3624uu2imsdcs4/AADv4XCg5e145BrT05hWo-fLa/Main-Conference?dl=0&preview=paper+163.pdf,https://www.youtube.com/watch?v=OU44UP63ANc,https://www.bilibili.com/video/BV11K411A7XH/,Understanding individuals' proclivity for novelty seeking,yes
5-01,https://www.dropbox.com/sh/l3624uu2imsdcs4/AADv4XCg5e145BrT05hWo-fLa/Main-Conference?dl=0&preview=paper+14.pdf,https://www.youtube.com/watch?v=rWmtkndEQxQ,https://www.bilibili.com/video/BV1Gi4y177Pw/,Addressing Under-Reporting to Enhance Fairness and Accuracy in Mobility-based Crime Prediction,yes
5-02,https://www.dropbox.com/sh/l3624uu2imsdcs4/AADv4XCg5e145BrT05hWo-fLa/Main-Conference?dl=0&preview=paper+193.pdf,https://www.youtube.com/watch?v=_wWXoR18BvM,https://www.bilibili.com/video/BV1d541157t6/,Cycling-Net: A Deep Learning Approach to Predicting Cyclist Behaviors from Geo-Referenced Egocentric Video Data,yes
5-03,https://www.dropbox.com/sh/l3624uu2imsdcs4/AADv4XCg5e145BrT05hWo-fLa/Main-Conference?dl=0&preview=paper+211.pdf,https://youtu.be/E-Hx0FiGY20,https://www.bilibili.com/video/BV15a411A7pv/,Fishing Vessels Activity Detection from Longitudinal AIS Data,yes
5-04,https://www.dropbox.com/sh/l3624uu2imsdcs4/AADv4XCg5e145BrT05hWo-fLa/Main-Conference?dl=0&preview=paper+159.pdf,https://www.youtube.com/watch?v=H24QCW9FEx8,https://www.bilibili.com/video/BV1PD4y197RG/,Is Reinforcement Learning the Choice of Human Learners? A Case Study of Taxi Drivers,yes
5-05,https://www.dropbox.com/sh/l3624uu2imsdcs4/AADv4XCg5e145BrT05hWo-fLa/Main-Conference?dl=0&preview=paper+182.pdf,https://youtu.be/WYoSWpt6LiE,https://www.bilibili.com/video/BV1Q54y167AZ/,Learning behavioral representations of human mobility,yes
6-01,https://www.dropbox.com/sh/l3624uu2imsdcs4/AADv4XCg5e145BrT05hWo-fLa/Main-Conference?dl=0&preview=paper+105.pdf,https://youtu.be/qv8FQ98XNUU,https://www.bilibili.com/video/BV1SK4y177YL/,Poet: an Interactive Spatial Query Processing System in Grab,yes
6-02,https://www.dropbox.com/sh/l3624uu2imsdcs4/AADv4XCg5e145BrT05hWo-fLa/Main-Conference?dl=0&preview=paper+200.pdf,https://youtu.be/PC9RB3sR0uI,https://www.bilibili.com/video/BV1TZ4y1V7cv/,Efficient Filters for Geometric Intersection Computations using GPU,yes
6-03,https://www.dropbox.com/sh/l3624uu2imsdcs4/AADv4XCg5e145BrT05hWo-fLa/Main-Conference?dl=0&preview=paper+216.pdf,https://youtu.be/hVnlV-vDTLI,https://www.bilibili.com/video/BV1c54y1C7wE,Reimagining City Configuration: Automated Urban Planning via Adversarial Learning,yes
6-04,https://www.dropbox.com/sh/l3624uu2imsdcs4/AADv4XCg5e145BrT05hWo-fLa/Main-Conference?dl=0&preview=paper+85.pdf,https://www.youtube.com/watch?v=M6Zn-Hg98OU,https://www.bilibili.com/video/BV11A411L7aH/,‘Reading’ cities with computer vision: a new multi-spatial scale urban fabric dataset and a novel convolutional neural network solution for urban fabric classification tasks,no
6-05,https://www.dropbox.com/sh/l3624uu2imsdcs4/AADv4XCg5e145BrT05hWo-fLa/Main-Conference?dl=0&preview=paper+31.pdf,https://youtu.be/rxDDio63BKs,https://www.bilibili.com/video/BV1w541177fw/,Succinct Trit-array Trie for Scalable Trajectory Similarity Search,yes
6-06,https://www.dropbox.com/sh/l3624uu2imsdcs4/AADv4XCg5e145BrT05hWo-fLa/Main-Conference?dl=0&preview=paper+76.pdf,https://www.youtube.com/watch?v=Gp78rW3wFoE,https://www.bilibili.com/video/BV1354y1r7J4/,Application of Kalman Filter to Large-Scale Geospatial Data (Industrial Paper),yes
7-01,https://www.dropbox.com/sh/l3624uu2imsdcs4/AADv4XCg5e145BrT05hWo-fLa/Main-Conference?dl=0&preview=paper+10.pdf,https://youtu.be/tDsKDjMC4cI,http://bmidb.cs.stonybrook.edu/7-01.mp4,A Ubiquitous and Accurate Floor Estimation System Using Deep Representational Learning,yes
7-02,https://www.dropbox.com/sh/l3624uu2imsdcs4/AADv4XCg5e145BrT05hWo-fLa/Main-Conference?dl=0&preview=paper+23.pdf,https://youtu.be/A7PZYl8BG0Q,https://www.bilibili.com/video/BV1bK4y177XA/,Gain Without Pain: Enabling Fingerprinting-based Indoor Localization using Tracking Scanners,yes
7-03,https://www.dropbox.com/sh/l3624uu2imsdcs4/AADv4XCg5e145BrT05hWo-fLa/Main-Conference?dl=0&preview=paper+153.pdf,https://youtu.be/IUJYtTNjf64,http://bmidb.cs.stonybrook.edu/7-03.mp4,Location Accuracy Estimates for Signal Fingerprinting,yes
7-04,https://www.dropbox.com/sh/l3624uu2imsdcs4/AADv4XCg5e145BrT05hWo-fLa/Main-Conference?dl=0&preview=paper+177.pdf,https://youtu.be/7d3iWa0pVS8,https://www.bilibili.com/video/BV1pi4y1779o/,A Geocoding Framework Powered by Delivery Data (Industrial Paper),yes
7-05,https://www.dropbox.com/sh/l3624uu2imsdcs4/AADv4XCg5e145BrT05hWo-fLa/Main-Conference?dl=0&preview=paper+253.pdf,https://youtu.be/ZpOXHMyuh9Y,https://www.bilibili.com/video/BV1VD4y197g7/,"QarSUMO: A Parallel, Congestion-optimized Traffic Simulator (Systems Paper)",yes
8-01,https://www.dropbox.com/sh/l3624uu2imsdcs4/AADv4XCg5e145BrT05hWo-fLa/Main-Conference?dl=0&preview=paper+53.pdf,https://www.youtube.com/watch?v=NwlddG1FdJ4,https://www.bilibili.com/video/BV1wy4y187NS/,Close Weighted Shortest Paths on 3D Terrain Surfaces,yes
8-02,https://www.dropbox.com/sh/l3624uu2imsdcs4/AADv4XCg5e145BrT05hWo-fLa/Main-Conference?dl=0&preview=paper+54.pdf,https://www.youtube.com/watch?v=TrLGVa7UPYU,https://www.bilibili.com/video/BV1jr4y1w7VW/,Discovering Spatial Mixture Patterns of Interest,yes
8-03,https://www.dropbox.com/sh/l3624uu2imsdcs4/AADv4XCg5e145BrT05hWo-fLa/Main-Conference?dl=0&preview=paper+208.pdf,https://www.youtube.com/watch?v=FUH8H0mjiv8,https://www.bilibili.com/video/BV13Z4y1V7zV/,Optimizing Onsite Food Services at Scale,yes
8-04,https://www.dropbox.com/sh/l3624uu2imsdcs4/AADv4XCg5e145BrT05hWo-fLa/Main-Conference?dl=0&preview=paper+1.pdf,https://youtu.be/7wt1RpkfPdU,https://www.bilibili.com/video/BV1S541157Ep/,POI Atmosphere CategorizationUsing Web Search Session Behavior,yes
8-05,https://www.dropbox.com/sh/l3624uu2imsdcs4/AADv4XCg5e145BrT05hWo-fLa/Main-Conference?dl=0&preview=paper+28.pdf,https://youtu.be/mGPT_WASwxk,https://www.bilibili.com/video/BV1pt4y1i72u/,Semantic Segmentation for Full-Waveform LiDAR Data Using Local and Hierarchical Global Feature Extraction,yes
1A-01,https://www.dropbox.com/sh/l3624uu2imsdcs4/AADv4XCg5e145BrT05hWo-fLa/Main-Conference?dl=0&preview=paper+3.pdf,https://www.youtube.com/watch?v=2KeqsjrPlHk,https://www.bilibili.com/video/BV1PA411j78u/,Distributed Spatial-Keyword kNN Monitoring for Location-aware Pub/Sub,yes
1A-02,https://www.dropbox.com/sh/l3624uu2imsdcs4/AADv4XCg5e145BrT05hWo-fLa/Main-Conference?dl=0&preview=paper+4.pdf,https://www.youtube.com/watch?v=GvNw-4cZVOI,https://www.bilibili.com/video/BV1tf4y1i7xY/,Urban night scenery reconstruction by day-night registration and synthesis,yes
1A-03,https://www.dropbox.com/sh/l3624uu2imsdcs4/AADv4XCg5e145BrT05hWo-fLa/Main-Conference?dl=0&preview=paper+11.pdf,https://www.youtube.com/watch?v=fgJfcfLrW4U,https://www.bilibili.com/video/BV1ez4y1o76H/,Dynamic Population Estimation Using Anonymized Mobility Data,yes
1A-04,https://www.dropbox.com/sh/l3624uu2imsdcs4/AADv4XCg5e145BrT05hWo-fLa/Main-Conference?dl=0&preview=paper+13.pdf,https://youtu.be/0ah89puWcsc,https://www.bilibili.com/video/BV1sZ4y1L7eS/,Ambulance Dispatch via Deep Reinforcement Learning,yes
1A-05,https://www.dropbox.com/sh/l3624uu2imsdcs4/AADv4XCg5e145BrT05hWo-fLa/Main-Conference?dl=0&preview=paper+8.pdf,https://www.youtube.com/watch?v=xfwqHi7YjGU,https://www.bilibili.com/video/BV1jZ4y1V751/,Noise Prediction for Geocoding Queries using Geospatial Word Embedding and Deep Learning,yes
1A-06,https://www.dropbox.com/sh/l3624uu2imsdcs4/AADv4XCg5e145BrT05hWo-fLa/Main-Conference?dl=0&preview=paper+186.pdf,https://youtu.be/El91fMUZD8U,https://www.bilibili.com/video/BV1HT4y1F7ik/,Large-Scale Geospatial Planning of Wireless Backhaul Links,yes
1A-07,https://www.dropbox.com/sh/l3624uu2imsdcs4/AADv4XCg5e145BrT05hWo-fLa/Main-Conference?dl=0&preview=paper+192.pdf,https://www.youtube.com/watch?v=X7E3bqn94F0,https://www.bilibili.com/video/BV1ea4y1L7Xo/,Graph Convolutional Networks with Kalman Filtering for Traffic Prediction,yes
1A-08,https://www.dropbox.com/sh/l3624uu2imsdcs4/AADv4XCg5e145BrT05hWo-fLa/Main-Conference?dl=0&preview=paper+86.pdf,https://youtu.be/3nQaVfr6RkI,https://www.bilibili.com/video/BV1ea4y1L79u/,NUMA-Aware Spatio-Textual Similarity Join,yes
1A-09,https://www.dropbox.com/sh/l3624uu2imsdcs4/AADv4XCg5e145BrT05hWo-fLa/Main-Conference?dl=0&preview=paper+33.pdf,https://youtu.be/m7QZ71nwfW4,https://www.bilibili.com/video/BV19f4y1B7i3/,Interactive Testing of Line-of-Sight and Fresnel Zone Clearance for Planning Microwave Backhaul Links and 5G Networks,yes
1A-10,https://www.dropbox.com/sh/l3624uu2imsdcs4/AADv4XCg5e145BrT05hWo-fLa/Main-Conference?dl=0&preview=paper+83.pdf,https://www.youtube.com/watch?v=dNduBJ-E75A,http://bmidb.cs.stonybrook.edu/1A-10.mp4,DiSA: A Display-driven Spatial Analysis Framework for Large-Scale Vector Data,yes
1A-11,https://www.dropbox.com/sh/l3624uu2imsdcs4/AADv4XCg5e145BrT05hWo-fLa/Main-Conference?dl=0&preview=paper+87.pdf,https://www.youtube.com/watch?v=A9BwW4U-zas,https://www.bilibili.com/video/BV1YV411y7hp/,A Demonstration of Interactive Exploration of Big Geospatial Data on UCR-Star,yes
1A-12,https://www.dropbox.com/sh/l3624uu2imsdcs4/AADv4XCg5e145BrT05hWo-fLa/Main-Conference?dl=0&preview=paper+96.pdf,https://www.youtube.com/watch?v=H1aeGl-J1rg,https://www.bilibili.com/video/BV1nZ4y1V7Ez/,Turbo-GTS: Scaling Mobile Crowdsourcing using Workload-Balancing Bisection Tree (Demo Paper),yes
1A-13,https://www.dropbox.com/sh/l3624uu2imsdcs4/AADv4XCg5e145BrT05hWo-fLa/Main-Conference?dl=0&preview=paper+100.pdf,https://youtu.be/qizP2F9ZYQw,https://www.bilibili.com/video/BV1Vr4y1w746/,A Generator for 2D Moving Regions,yes
1B-01,https://www.dropbox.com/sh/l3624uu2imsdcs4/AADv4XCg5e145BrT05hWo-fLa/Main-Conference?dl=0&preview=paper+27.pdf,https://www.youtube.com/watch?v=VX93vMthkGM,https://www.bilibili.com/video/BV1xV411y7Ri/,PM2.5-GNN: A Domain Knowledge Enhanced Graph Neural Network For PM2.5 Forecasting,yes
1B-02,https://www.dropbox.com/sh/l3624uu2imsdcs4/AADv4XCg5e145BrT05hWo-fLa/Main-Conference?dl=0&preview=paper+45.pdf,https://www.youtube.com/watch?v=Um1NcpNNnXc,https://www.bilibili.com/video/BV1yf4y1i73Q/,Geosocial Location Classification: Associating Type to Places Based on Geotagged Social-Media Posts,yes
1B-03,https://www.dropbox.com/sh/l3624uu2imsdcs4/AADv4XCg5e145BrT05hWo-fLa/Main-Conference?dl=0&preview=paper+63.pdf,https://youtu.be/7w_bImlcKUM,https://www.bilibili.com/video/BV1Yi4y177Si/,Grab-Posisi-L: A Labelled GPS Trajectory Dataset for Map Matching in Southeast Asia,yes
1B-04,https://www.dropbox.com/sh/l3624uu2imsdcs4/AADv4XCg5e145BrT05hWo-fLa/Main-Conference?dl=0&preview=paper+64.pdf,https://www.youtube.com/watch?v=YZdv8lWgHj0,https://www.bilibili.com/video/BV1Mi4y177go/,Supervised-CityProphet: Towards Accurate Anomalous Crowd Prediction,yes
1B-05,https://www.dropbox.com/sh/l3624uu2imsdcs4/AADv4XCg5e145BrT05hWo-fLa/Main-Conference?dl=0&preview=paper+79.pdf,https://www.youtube.com/watch?v=V-ZAIFBTwDs,https://www.bilibili.com/video/BV1MD4y197qu/,Route Reconstruction on Low-quality Bluetooth Readings,yes
1B-06,https://www.dropbox.com/sh/l3624uu2imsdcs4/AADv4XCg5e145BrT05hWo-fLa/Main-Conference?dl=0&preview=paper+81.pdf,https://www.youtube.com/watch?v=UJrPoGXpSL4,https://www.bilibili.com/video/BV1LT4y1F78T/,Optimizing Continuous kNN Queries over Large-Scale Spatial-Textual Data Streams,yes
1B-07,https://www.dropbox.com/sh/l3624uu2imsdcs4/AADv4XCg5e145BrT05hWo-fLa/Main-Conference?dl=0&preview=paper+104.pdf,https://www.youtube.com/watch?v=aeaqdH1hago,https://www.bilibili.com/video/BV1tD4y197CM/,Enabling Finer Grained Place Embeddings using Spatial Hierarchy from Human Mobility Trajectories,yes
1B-08,https://www.dropbox.com/sh/l3624uu2imsdcs4/AADv4XCg5e145BrT05hWo-fLa/Main-Conference?dl=0&preview=paper+106.pdf,https://www.youtube.com/watch?v=MSFHQ1unfnM,https://www.bilibili.com/video/BV1H54y1C7oJ/,A Persistence-Based Approach for Individual Tree Mapping,yes
1B-09,https://www.dropbox.com/sh/l3624uu2imsdcs4/AADv4XCg5e145BrT05hWo-fLa/Main-Conference?dl=0&preview=paper+109.pdf,https://youtu.be/OG7eIYKGGhc,http://bmidb.cs.stonybrook.edu/1B-09.mp4,Visualizing Spatio-Temporal Keyword Trends in Online News Articles (Demo),no
1B-10,https://www.dropbox.com/sh/l3624uu2imsdcs4/AADv4XCg5e145BrT05hWo-fLa/Main-Conference?dl=0&preview=paper+121.pdf,https://youtu.be/YE3f841d1Co,https://www.bilibili.com/video/BV17t4y1i78Y/,Geolocating Traffic Signs using Crowd-Sourced Imagery (demo paper),yes
1B-11,https://www.dropbox.com/sh/l3624uu2imsdcs4/AADv4XCg5e145BrT05hWo-fLa/Main-Conference?dl=0&preview=paper+123.pdf,https://www.youtube.com/watch?v=8Ke5DfXbib4,https://www.bilibili.com/video/BV1j5411L7KG/,CPM: Mining Converging Patterns from Moving Object Trajectories in Road Networks (Demo Paper),yes
1B-12,https://www.dropbox.com/sh/l3624uu2imsdcs4/AADv4XCg5e145BrT05hWo-fLa/Main-Conference?dl=0&preview=paper+135.pdf,https://youtu.be/jVuhfSkdeaY,https://www.bilibili.com/video/BV1B54y1R7M8/,staty: Quality Assurance for Public Transit Stations in OpenStreetMap (Demo Paper),yes
1B-13,https://www.dropbox.com/sh/l3624uu2imsdcs4/AADv4XCg5e145BrT05hWo-fLa/Main-Conference?dl=0&preview=paper+141.pdf,https://www.youtube.com/watch?v=OsyYNEUca3E,https://www.bilibili.com/video/BV1Ry4y1b7wx/,PinSout: Automatic 3D Indoor Space Construction from Point Clouds with Deep Learning,yes
2A-01,https://www.dropbox.com/sh/l3624uu2imsdcs4/AADv4XCg5e145BrT05hWo-fLa/Main-Conference?dl=0&preview=paper+120.pdf,https://www.youtube.com/watch?v=Jh_1_0O-zV0,https://www.bilibili.com/video/BV1nD4y197gu/,HAP-SAP: Semantic Annotation in LBSNs using Latent Spatio-Temporal Hawkes Process,yes
2A-02,https://www.dropbox.com/sh/l3624uu2imsdcs4/AADv4XCg5e145BrT05hWo-fLa/Main-Conference?dl=0&preview=paper+126.pdf,https://www.youtube.com/watch?v=VlvOVx86RA4,https://www.bilibili.com/video/BV1DV411y7J6/,Route-preserving Road Network Generalization,yes
2A-03,https://www.dropbox.com/sh/l3624uu2imsdcs4/AADv4XCg5e145BrT05hWo-fLa/Main-Conference?dl=0&preview=paper+132.pdf,https://youtu.be/wkwtmzE71Fk,https://www.bilibili.com/video/BV1Df4y1B7Z5/,A Deep Learning Approach to Geographical Candidate Selection through Toponym Matching,no
2A-04,https://www.dropbox.com/sh/l3624uu2imsdcs4/AADv4XCg5e145BrT05hWo-fLa/Main-Conference?dl=0&preview=paper+138.pdf,https://youtu.be/kOEFiNUaR5Y,https://www.bilibili.com/video/BV1d54y1679u/,Interactive and Explainable Point-of-Interest Recommendation using Look-alike Groups,yes
2A-05,https://www.dropbox.com/sh/l3624uu2imsdcs4/AADv4XCg5e145BrT05hWo-fLa/Main-Conference?dl=0&preview=paper+162.pdf,https://www.youtube.com/watch?v=AHB1S8xV8YU,https://www.bilibili.com/video/BV1qD4y1d7Wd/,Spatio-Temporal Forecasting With Gridded Remote Sensing Data Using Feed-Backward Decoding.,yes
2A-06,https://www.dropbox.com/sh/l3624uu2imsdcs4/AADv4XCg5e145BrT05hWo-fLa/Main-Conference?dl=0&preview=paper+165.pdf,https://www.youtube.com/watch?v=5vMhy1uOuMA,https://www.bilibili.com/video/BV1DK4y1776X/,The impact of highly compact algorithmic redistricting on the rural-versus-urban balance,yes
2A-07,https://www.dropbox.com/sh/l3624uu2imsdcs4/AADv4XCg5e145BrT05hWo-fLa/Main-Conference?dl=0&preview=paper+172.pdf,https://www.youtube.com/watch?v=WbmbV3X3jj4,https://www.bilibili.com/video/BV1tK411A7kt/,Evaluating the Evaluation Metrics for Spatial Disease Cluster Detection Algorithms,yes
2A-08,https://www.dropbox.com/sh/l3624uu2imsdcs4/AADv4XCg5e145BrT05hWo-fLa/Main-Conference?dl=0&preview=paper+173.pdf,https://www.youtube.com/watch?v=1FlN-5UAwDQ,https://www.bilibili.com/video/BV1RZ4y1G7cy/,Predictive Collision Management for Time and Risk Dependent Path Planning,no
2A-09,https://www.dropbox.com/sh/l3624uu2imsdcs4/AADv4XCg5e145BrT05hWo-fLa/Main-Conference?dl=0&preview=paper+142.pdf,https://youtu.be/aN9J2mhZhUM,https://www.bilibili.com/video/BV1VD4y197zQ/,TA-Dash: An Interactive Dashboard for Spatial-Temporal Traffic Analytics,no
2A-10,https://www.dropbox.com/sh/l3624uu2imsdcs4/AADv4XCg5e145BrT05hWo-fLa/Main-Conference?dl=0&preview=paper+167.pdf,https://youtu.be/8gDusmtoFuQ,https://www.bilibili.com/video/BV1Yf4y1i7xN/,A Visual Explorer for Geolocated Time Series,yes
2A-11,https://www.dropbox.com/sh/l3624uu2imsdcs4/AADv4XCg5e145BrT05hWo-fLa/Main-Conference?dl=0&preview=paper+183.pdf,https://www.youtube.com/watch?v=j-86D54L_j0,https://www.bilibili.com/video/BV1sT4y1F7pv/,STARE-based Integrative Analysis of Diverse Data Using Dask Parallel Programming Demo Paper,yes
2A-12,https://www.dropbox.com/sh/l3624uu2imsdcs4/AADv4XCg5e145BrT05hWo-fLa/Main-Conference?dl=0&preview=paper+209.pdf,https://youtu.be/JFh8pqmEyhY,https://www.bilibili.com/video/BV1tz4y1C7Sq/,A Semi-automated System for Exploring and Fixing OSM Connectivity,yes
2A-13,https://www.dropbox.com/sh/l3624uu2imsdcs4/AADv4XCg5e145BrT05hWo-fLa/Main-Conference?dl=0&preview=paper+210.pdf,https://youtu.be/XGEjTc0Xy_o,https://www.bilibili.com/video/BV1VV411y73p/,"An Interactive System to Compare, Explore and Identify Discrepancies across Map Providers",yes
2B-01,https://www.dropbox.com/sh/l3624uu2imsdcs4/AADv4XCg5e145BrT05hWo-fLa/Main-Conference?dl=0&preview=paper+176.pdf,https://youtu.be/g4Ps8YgBb-0,https://www.bilibili.com/video/BV1KT4y1F7uN/,Multifaceted Privacy: Express Your Online Persona without Revealing Your Sensitive Attributes,yes
2B-02,https://www.dropbox.com/sh/l3624uu2imsdcs4/AADv4XCg5e145BrT05hWo-fLa/Main-Conference?dl=0&preview=paper+194.pdf,https://youtu.be/QMyonez2d4E,https://www.bilibili.com/video/BV1ba411A7BU/,"Algorithmic Improvement of Crowdsourced Data: Intrinsic Quality Measures, Local Optima, and Consensus",yes
2B-03,https://www.dropbox.com/sh/l3624uu2imsdcs4/AADv4XCg5e145BrT05hWo-fLa/Main-Conference?dl=0&preview=paper+197.pdf,https://youtu.be/ifWRBG-kYV0,https://www.bilibili.com/video/BV1PA411E7aa,Towards A Personal Shopper’s Dilemma: Time vs Cost,yes
2B-04,https://www.dropbox.com/sh/l3624uu2imsdcs4/AADv4XCg5e145BrT05hWo-fLa/Main-Conference?dl=0&preview=paper+227.pdf,https://youtu.be/Xdr4SF0946Y,https://www.bilibili.com/video/BV1SK4y177mV/,Predicting Human Mobility with Federated Learning,yes
2B-05,https://www.dropbox.com/sh/l3624uu2imsdcs4/AADv4XCg5e145BrT05hWo-fLa/Main-Conference?dl=0&preview=paper+22.pdf,https://youtu.be/BqWczT2MMH0,https://www.bilibili.com/video/BV1ZZ4y1G7Qr/,Discovering Frequent Spatial Patterns in Very Large Spatiotemporal databases,yes
2B-06,https://www.dropbox.com/sh/l3624uu2imsdcs4/AADv4XCg5e145BrT05hWo-fLa/Main-Conference?dl=0&preview=paper+75.pdf,https://youtu.be/WZEDSC60H-o,https://www.bilibili.com/video/BV1ea411A73x/,Scalable Spatial GroupBy Aggregations Over Complex Polygons,yes
2B-07,https://www.dropbox.com/sh/l3624uu2imsdcs4/AADv4XCg5e145BrT05hWo-fLa/Main-Conference?dl=0&preview=paper+236.pdf,https://youtu.be/chB4Rp_Xojw,https://www.bilibili.com/video/BV1tp4y1k7HT/,Platooning Graph for Safer Traffic Management,yes
2B-08,https://www.dropbox.com/sh/l3624uu2imsdcs4/AADv4XCg5e145BrT05hWo-fLa/Main-Conference?dl=0&preview=paper+244.pdf,https://youtu.be/fJzZYKFfk2U,https://www.bilibili.com/video/BV1Hi4y1777e/,Ad-hocBusPoI: Context Analysis of Ad-hoc Stay-locations fromIntra-city Bus Mobility and Smartphone Crowdsensing,yes
2B-09,https://www.dropbox.com/sh/l3624uu2imsdcs4/AADv4XCg5e145BrT05hWo-fLa/Main-Conference?dl=0&preview=paper+220.pdf,https://www.youtube.com/watch?v=OlhUYqDVnHY,https://www.bilibili.com/video/BV1bV411y7yU/,Machine Learning on Satellite Radar Images to Estimate Damages After Natural Disasters,yes
2B-10,https://www.dropbox.com/sh/l3624uu2imsdcs4/AADv4XCg5e145BrT05hWo-fLa/Main-Conference?dl=0&preview=paper+240.pdf,https://youtu.be/ifeM6QOU9Pw,https://www.bilibili.com/video/BV1Ra4y1W76G/,SpiderWeb: A Spatial Data Generator on the Web,yes
2B-11,https://www.dropbox.com/sh/l3624uu2imsdcs4/AADv4XCg5e145BrT05hWo-fLa/Main-Conference?dl=0&preview=paper+246.pdf,https://www.youtube.com/watch?v=W9cCy6RaJKo,https://www.bilibili.com/video/BV1My4y1872D/,CET-LATS: Compressing Evolution of TINs from Location Aware Time Series (Demo Paper),yes
2B-12,https://www.dropbox.com/sh/l3624uu2imsdcs4/AADv4XCg5e145BrT05hWo-fLa/Main-Conference?dl=0&preview=paper+230.pdf,https://youtu.be/fJFNvXJIJ2A,https://www.bilibili.com/video/BV1Yy4y1B7td/,A Web-based System for Contact Tracing Query in a Large Spatio-Temporal Database,yes
vision-01,https://www.dropbox.com/sh/l3624uu2imsdcs4/AADv4XCg5e145BrT05hWo-fLa/Main-Conference?dl=0&preview=paper+103.pdf,https://youtu.be/AskEUfR0q7k,https://www.bilibili.com/video/BV1kK4y1772e/,Smartmedia: Locally & Contextually-Adapted Streaming Media,yes
vision-02,https://www.dropbox.com/sh/l3624uu2imsdcs4/AADv4XCg5e145BrT05hWo-fLa/Main-Conference?dl=0&preview=paper+110.pdf,https://www.youtube.com/watch?v=NyLnThxat1c,https://www.bilibili.com/video/BV1s54y1C73x/,Leveraging geospatial data gateways to support the operational application of deep learning models (Vision Paper),yes
